DATE,ATM,Cash
5/1/2009 12:00:00 AM,ATM1,96
5/1/2009 12:00:00 AM,ATM2,107
5/2/2009 12:00:00 AM,ATM1,82
5/2/2009 12:00:00 AM,ATM2,89
5/3/2009 12:00:00 AM,ATM1,85
5/3/2009 12:00:00 AM,ATM2,90
5/4/2009 12:00:00 AM,ATM1,90
5/4/2009 12:00:00 AM,ATM2,55
5/5/2009 12:00:00 AM,ATM1,99
5/5/2009 12:00:00 AM,ATM2,79
5/6/2009 12:00:00 AM,ATM1,88
5/6/2009 12:00:00 AM,ATM2,19
5/7/2009 12:00:00 AM,ATM1,8
5/7/2009 12:00:00 AM,ATM2,2
5/8/2009 12:00:00 AM,ATM1,104
5/8/2009 12:00:00 AM,ATM2,103
5/9/2009 12:00:00 AM,ATM1,87
5/9/2009 12:00:00 AM,ATM2,107
5/10/2009 12:00:00 AM,ATM1,93
5/10/2009 12:00:00 AM,ATM2,118
5/11/2009 12:00:00 AM,ATM1,86
5/11/2009 12:00:00 AM,ATM2,75
5/12/2009 12:00:00 AM,ATM1,111
5/12/2009 12:00:00 AM,ATM2,111
5/13/2009 12:00:00 AM,ATM1,75
5/13/2009 12:00:00 AM,ATM2,25
5/14/2009 12:00:00 AM,ATM1,6
5/14/2009 12:00:00 AM,ATM2,16
5/15/2009 12:00:00 AM,ATM1,102
5/15/2009 12:00:00 AM,ATM2,137
5/16/2009 12:00:00 AM,ATM1,73
5/16/2009 12:00:00 AM,ATM2,95
5/17/2009 12:00:00 AM,ATM1,92
5/17/2009 12:00:00 AM,ATM2,103
5/18/2009 12:00:00 AM,ATM1,82
5/18/2009 12:00:00 AM,ATM2,80
5/19/2009 12:00:00 AM,ATM1,86
5/19/2009 12:00:00 AM,ATM2,118
5/20/2009 12:00:00 AM,ATM1,73
5/20/2009 12:00:00 AM,ATM2,30
5/21/2009 12:00:00 AM,ATM1,20
5/21/2009 12:00:00 AM,ATM2,7
5/22/2009 12:00:00 AM,ATM1,100
5/22/2009 12:00:00 AM,ATM2,118
5/23/2009 12:00:00 AM,ATM1,93
5/23/2009 12:00:00 AM,ATM2,104
5/24/2009 12:00:00 AM,ATM1,90
5/24/2009 12:00:00 AM,ATM2,59
5/25/2009 12:00:00 AM,ATM1,94
5/25/2009 12:00:00 AM,ATM2,40
5/26/2009 12:00:00 AM,ATM1,98
5/26/2009 12:00:00 AM,ATM2,106
5/27/2009 12:00:00 AM,ATM1,73
5/27/2009 12:00:00 AM,ATM2,18
5/28/2009 12:00:00 AM,ATM1,10
5/28/2009 12:00:00 AM,ATM2,9
5/29/2009 12:00:00 AM,ATM1,97
5/29/2009 12:00:00 AM,ATM2,136
5/30/2009 12:00:00 AM,ATM1,102
5/30/2009 12:00:00 AM,ATM2,118
5/31/2009 12:00:00 AM,ATM1,85
5/31/2009 12:00:00 AM,ATM2,64
6/1/2009 12:00:00 AM,ATM1,85
6/1/2009 12:00:00 AM,ATM2,77
6/2/2009 12:00:00 AM,ATM1,108
6/2/2009 12:00:00 AM,ATM2,133
6/3/2009 12:00:00 AM,ATM1,94
6/3/2009 12:00:00 AM,ATM2,45
6/4/2009 12:00:00 AM,ATM1,14
6/4/2009 12:00:00 AM,ATM2,14
6/5/2009 12:00:00 AM,ATM1,3
6/5/2009 12:00:00 AM,ATM2,20
6/6/2009 12:00:00 AM,ATM1,96
6/6/2009 12:00:00 AM,ATM2,147
6/7/2009 12:00:00 AM,ATM1,109
6/7/2009 12:00:00 AM,ATM2,105
6/8/2009 12:00:00 AM,ATM1,96
6/8/2009 12:00:00 AM,ATM2,132
6/9/2009 12:00:00 AM,ATM1,145
6/9/2009 12:00:00 AM,ATM2,93
6/10/2009 12:00:00 AM,ATM1,81
6/10/2009 12:00:00 AM,ATM2,26
6/11/2009 12:00:00 AM,ATM1,16
6/11/2009 12:00:00 AM,ATM2,7
6/12/2009 12:00:00 AM,ATM1,142
6/12/2009 12:00:00 AM,ATM2,112
6/13/2009 12:00:00 AM,ATM1,102
6/13/2009 12:00:00 AM,ATM2,91
6/14/2009 12:00:00 AM,ATM1,120
6/14/2009 12:00:00 AM,ATM2,72
6/15/2009 12:00:00 AM,ATM1,106
6/15/2009 12:00:00 AM,ATM2,66
6/16/2009 12:00:00 AM,ATM1,130
6/16/2009 12:00:00 AM,ATM2,82
6/17/2009 12:00:00 AM,ATM1,108
6/17/2009 12:00:00 AM,ATM2,24
6/18/2009 12:00:00 AM,ATM1,21
6/18/2009 12:00:00 AM,ATM2,4
6/19/2009 12:00:00 AM,ATM1,140
6/19/2009 12:00:00 AM,ATM2,134
6/20/2009 12:00:00 AM,ATM1,110
6/20/2009 12:00:00 AM,ATM2,95
6/21/2009 12:00:00 AM,ATM1,115
6/21/2009 12:00:00 AM,ATM2,82
6/22/2009 12:00:00 AM,ATM1,98
6/22/2009 12:00:00 AM,ATM2,90
6/23/2009 12:00:00 AM,ATM1,108
6/23/2009 12:00:00 AM,ATM2,99
6/24/2009 12:00:00 AM,ATM1,66
6/24/2009 12:00:00 AM,ATM2,17
6/25/2009 12:00:00 AM,ATM1,13
6/25/2009 12:00:00 AM,ATM2,3
6/26/2009 12:00:00 AM,ATM1,99
6/26/2009 12:00:00 AM,ATM2,117
6/27/2009 12:00:00 AM,ATM1,105
6/27/2009 12:00:00 AM,ATM2,53
6/28/2009 12:00:00 AM,ATM1,104
6/28/2009 12:00:00 AM,ATM2,44
6/29/2009 12:00:00 AM,ATM1,98
6/29/2009 12:00:00 AM,ATM2,56
6/30/2009 12:00:00 AM,ATM1,110
6/30/2009 12:00:00 AM,ATM2,110
7/1/2009 12:00:00 AM,ATM1,79
7/1/2009 12:00:00 AM,ATM2,36
7/2/2009 12:00:00 AM,ATM1,16
7/2/2009 12:00:00 AM,ATM2,12
7/3/2009 12:00:00 AM,ATM1,110
7/3/2009 12:00:00 AM,ATM2,128
7/4/2009 12:00:00 AM,ATM1,96
7/4/2009 12:00:00 AM,ATM2,72
7/5/2009 12:00:00 AM,ATM1,114
7/5/2009 12:00:00 AM,ATM2,122
7/6/2009 12:00:00 AM,ATM1,126
7/6/2009 12:00:00 AM,ATM2,100
7/7/2009 12:00:00 AM,ATM1,126
7/7/2009 12:00:00 AM,ATM2,108
7/8/2009 12:00:00 AM,ATM1,73
7/8/2009 12:00:00 AM,ATM2,25
7/9/2009 12:00:00 AM,ATM1,4
7/9/2009 12:00:00 AM,ATM2,6
7/10/2009 12:00:00 AM,ATM1,19
7/10/2009 12:00:00 AM,ATM2,22
7/11/2009 12:00:00 AM,ATM1,114
7/11/2009 12:00:00 AM,ATM2,135
7/12/2009 12:00:00 AM,ATM1,98
7/12/2009 12:00:00 AM,ATM2,69
7/13/2009 12:00:00 AM,ATM1,97
7/13/2009 12:00:00 AM,ATM2,52
7/14/2009 12:00:00 AM,ATM1,114
7/14/2009 12:00:00 AM,ATM2,81
7/15/2009 12:00:00 AM,ATM1,78
7/15/2009 12:00:00 AM,ATM2,27
7/16/2009 12:00:00 AM,ATM1,19
7/16/2009 12:00:00 AM,ATM2,4
7/17/2009 12:00:00 AM,ATM1,102
7/17/2009 12:00:00 AM,ATM2,147
7/18/2009 12:00:00 AM,ATM1,94
7/18/2009 12:00:00 AM,ATM2,102
7/19/2009 12:00:00 AM,ATM1,108
7/19/2009 12:00:00 AM,ATM2,83
7/20/2009 12:00:00 AM,ATM1,91
7/20/2009 12:00:00 AM,ATM2,55
7/21/2009 12:00:00 AM,ATM1,86
7/21/2009 12:00:00 AM,ATM2,74
7/22/2009 12:00:00 AM,ATM1,78
7/22/2009 12:00:00 AM,ATM2,22
7/23/2009 12:00:00 AM,ATM1,16
7/23/2009 12:00:00 AM,ATM2,4
7/24/2009 12:00:00 AM,ATM1,114
7/24/2009 12:00:00 AM,ATM2,104
7/25/2009 12:00:00 AM,ATM1,115
7/25/2009 12:00:00 AM,ATM2,81
7/26/2009 12:00:00 AM,ATM1,108
7/26/2009 12:00:00 AM,ATM2,61
7/27/2009 12:00:00 AM,ATM1,102
7/27/2009 12:00:00 AM,ATM2,70
7/28/2009 12:00:00 AM,ATM1,129
7/28/2009 12:00:00 AM,ATM2,126
7/29/2009 12:00:00 AM,ATM1,79
7/29/2009 12:00:00 AM,ATM2,33
7/30/2009 12:00:00 AM,ATM1,13
7/30/2009 12:00:00 AM,ATM2,7
7/31/2009 12:00:00 AM,ATM1,103
7/31/2009 12:00:00 AM,ATM2,126
8/1/2009 12:00:00 AM,ATM1,90
8/1/2009 12:00:00 AM,ATM2,92
8/2/2009 12:00:00 AM,ATM1,68
8/2/2009 12:00:00 AM,ATM2,81
8/3/2009 12:00:00 AM,ATM1,85
8/3/2009 12:00:00 AM,ATM2,49
8/4/2009 12:00:00 AM,ATM1,99
8/4/2009 12:00:00 AM,ATM2,146
8/5/2009 12:00:00 AM,ATM1,86
8/5/2009 12:00:00 AM,ATM2,79
8/6/2009 12:00:00 AM,ATM1,13
8/6/2009 12:00:00 AM,ATM2,37
8/7/2009 12:00:00 AM,ATM1,116
8/7/2009 12:00:00 AM,ATM2,136
8/8/2009 12:00:00 AM,ATM1,105
8/8/2009 12:00:00 AM,ATM2,111
8/9/2009 12:00:00 AM,ATM1,123
8/9/2009 12:00:00 AM,ATM2,78
8/10/2009 12:00:00 AM,ATM1,114
8/10/2009 12:00:00 AM,ATM2,57
8/11/2009 12:00:00 AM,ATM1,127
8/11/2009 12:00:00 AM,ATM2,106
8/12/2009 12:00:00 AM,ATM1,111
8/12/2009 12:00:00 AM,ATM2,38
8/13/2009 12:00:00 AM,ATM1,34
8/13/2009 12:00:00 AM,ATM2,15
8/14/2009 12:00:00 AM,ATM1,151
8/14/2009 12:00:00 AM,ATM2,119
8/15/2009 12:00:00 AM,ATM1,110
8/15/2009 12:00:00 AM,ATM2,110
8/16/2009 12:00:00 AM,ATM1,115
8/16/2009 12:00:00 AM,ATM2,68
8/17/2009 12:00:00 AM,ATM1,112
8/17/2009 12:00:00 AM,ATM2,60
8/18/2009 12:00:00 AM,ATM1,132
8/18/2009 12:00:00 AM,ATM2,92
8/19/2009 12:00:00 AM,ATM1,94
8/19/2009 12:00:00 AM,ATM2,22
8/20/2009 12:00:00 AM,ATM1,24
8/20/2009 12:00:00 AM,ATM2,11
8/21/2009 12:00:00 AM,ATM1,122
8/21/2009 12:00:00 AM,ATM2,121
8/22/2009 12:00:00 AM,ATM1,104
8/22/2009 12:00:00 AM,ATM2,89
8/23/2009 12:00:00 AM,ATM1,128
8/23/2009 12:00:00 AM,ATM2,62
8/24/2009 12:00:00 AM,ATM1,120
8/24/2009 12:00:00 AM,ATM2,79
8/25/2009 12:00:00 AM,ATM1,174
8/25/2009 12:00:00 AM,ATM2,83
8/26/2009 12:00:00 AM,ATM1,96
8/26/2009 12:00:00 AM,ATM2,31
8/27/2009 12:00:00 AM,ATM1,13
8/27/2009 12:00:00 AM,ATM2,4
8/28/2009 12:00:00 AM,ATM1,121
8/28/2009 12:00:00 AM,ATM2,96
8/29/2009 12:00:00 AM,ATM1,133
8/29/2009 12:00:00 AM,ATM2,50
8/30/2009 12:00:00 AM,ATM1,118
8/30/2009 12:00:00 AM,ATM2,52
8/31/2009 12:00:00 AM,ATM1,91
8/31/2009 12:00:00 AM,ATM2,56
9/1/2009 12:00:00 AM,ATM1,120
9/1/2009 12:00:00 AM,ATM2,104
9/2/2009 12:00:00 AM,ATM1,88
9/2/2009 12:00:00 AM,ATM2,27
9/3/2009 12:00:00 AM,ATM1,19
9/3/2009 12:00:00 AM,ATM2,13
9/4/2009 12:00:00 AM,ATM1,150
9/4/2009 12:00:00 AM,ATM2,107
9/5/2009 12:00:00 AM,ATM1,144
9/5/2009 12:00:00 AM,ATM2,125
9/6/2009 12:00:00 AM,ATM1,121
9/6/2009 12:00:00 AM,ATM2,103
9/7/2009 12:00:00 AM,ATM1,105
9/7/2009 12:00:00 AM,ATM2,42
9/8/2009 12:00:00 AM,ATM1,133
9/8/2009 12:00:00 AM,ATM2,90
9/9/2009 12:00:00 AM,ATM1,109
9/9/2009 12:00:00 AM,ATM2,29
9/10/2009 12:00:00 AM,ATM1,18
9/10/2009 12:00:00 AM,ATM2,8
9/11/2009 12:00:00 AM,ATM1,1
9/11/2009 12:00:00 AM,ATM2,2
9/12/2009 12:00:00 AM,ATM1,105
9/12/2009 12:00:00 AM,ATM2,84
9/13/2009 12:00:00 AM,ATM1,112
9/13/2009 12:00:00 AM,ATM2,62
9/14/2009 12:00:00 AM,ATM1,82
9/14/2009 12:00:00 AM,ATM2,77
9/15/2009 12:00:00 AM,ATM1,111
9/15/2009 12:00:00 AM,ATM2,78
9/16/2009 12:00:00 AM,ATM1,79
9/16/2009 12:00:00 AM,ATM2,25
9/17/2009 12:00:00 AM,ATM1,13
9/17/2009 12:00:00 AM,ATM2,8
9/18/2009 12:00:00 AM,ATM1,112
9/18/2009 12:00:00 AM,ATM2,113
9/19/2009 12:00:00 AM,ATM1,99
9/19/2009 12:00:00 AM,ATM2,71
9/20/2009 12:00:00 AM,ATM1,140
9/20/2009 12:00:00 AM,ATM2,94
9/21/2009 12:00:00 AM,ATM1,110
9/21/2009 12:00:00 AM,ATM2,59
9/22/2009 12:00:00 AM,ATM1,180
9/22/2009 12:00:00 AM,ATM2,89
9/23/2009 12:00:00 AM,ATM1,73
9/23/2009 12:00:00 AM,ATM2,18
9/24/2009 12:00:00 AM,ATM1,7
9/24/2009 12:00:00 AM,ATM2,6
9/25/2009 12:00:00 AM,ATM1,106
9/25/2009 12:00:00 AM,ATM2,115
9/26/2009 12:00:00 AM,ATM1,103
9/26/2009 12:00:00 AM,ATM2,81
9/27/2009 12:00:00 AM,ATM1,93
9/27/2009 12:00:00 AM,ATM2,61
9/28/2009 12:00:00 AM,ATM1,96
9/28/2009 12:00:00 AM,ATM2,71
9/29/2009 12:00:00 AM,ATM1,117
9/29/2009 12:00:00 AM,ATM2,69
9/30/2009 12:00:00 AM,ATM1,80
9/30/2009 12:00:00 AM,ATM2,36
10/1/2009 12:00:00 AM,ATM1,14
10/1/2009 12:00:00 AM,ATM2,14
10/2/2009 12:00:00 AM,ATM1,120
10/2/2009 12:00:00 AM,ATM2,104
10/3/2009 12:00:00 AM,ATM1,91
10/3/2009 12:00:00 AM,ATM2,73
10/4/2009 12:00:00 AM,ATM1,96
10/4/2009 12:00:00 AM,ATM2,86
10/5/2009 12:00:00 AM,ATM1,74
10/5/2009 12:00:00 AM,ATM2,85
10/6/2009 12:00:00 AM,ATM1,108
10/6/2009 12:00:00 AM,ATM2,126
10/7/2009 12:00:00 AM,ATM1,73
10/7/2009 12:00:00 AM,ATM2,31
10/8/2009 12:00:00 AM,ATM1,13
10/8/2009 12:00:00 AM,ATM2,9
10/9/2009 12:00:00 AM,ATM1,93
10/9/2009 12:00:00 AM,ATM2,114
10/10/2009 12:00:00 AM,ATM1,94
10/10/2009 12:00:00 AM,ATM2,78
10/11/2009 12:00:00 AM,ATM1,76
10/11/2009 12:00:00 AM,ATM2,45
10/12/2009 12:00:00 AM,ATM1,111
10/12/2009 12:00:00 AM,ATM2,60
10/13/2009 12:00:00 AM,ATM1,88
10/13/2009 12:00:00 AM,ATM2,91
10/14/2009 12:00:00 AM,ATM1,76
10/14/2009 12:00:00 AM,ATM2,22
10/15/2009 12:00:00 AM,ATM1,9
10/15/2009 12:00:00 AM,ATM2,7
10/16/2009 12:00:00 AM,ATM1,87
10/16/2009 12:00:00 AM,ATM2,75
10/17/2009 12:00:00 AM,ATM1,105
10/17/2009 12:00:00 AM,ATM2,66
10/18/2009 12:00:00 AM,ATM1,78
10/18/2009 12:00:00 AM,ATM2,64
10/19/2009 12:00:00 AM,ATM1,67
10/19/2009 12:00:00 AM,ATM2,51
10/20/2009 12:00:00 AM,ATM1,90
10/20/2009 12:00:00 AM,ATM2,94
10/21/2009 12:00:00 AM,ATM1,68
10/21/2009 12:00:00 AM,ATM2,23
10/22/2009 12:00:00 AM,ATM1,9
10/22/2009 12:00:00 AM,ATM2,4
10/23/2009 12:00:00 AM,ATM1,78
10/23/2009 12:00:00 AM,ATM2,127
10/24/2009 12:00:00 AM,ATM1,74
10/24/2009 12:00:00 AM,ATM2,61
10/25/2009 12:00:00 AM,ATM1,74
10/25/2009 12:00:00 AM,ATM2,
10/26/2009 12:00:00 AM,ATM1,60
10/26/2009 12:00:00 AM,ATM2,95
10/27/2009 12:00:00 AM,ATM1,75
10/27/2009 12:00:00 AM,ATM2,79
10/28/2009 12:00:00 AM,ATM1,61
10/28/2009 12:00:00 AM,ATM2,38
10/29/2009 12:00:00 AM,ATM1,9
10/29/2009 12:00:00 AM,ATM2,8
10/30/2009 12:00:00 AM,ATM1,90
10/30/2009 12:00:00 AM,ATM2,119
10/31/2009 12:00:00 AM,ATM1,86
10/31/2009 12:00:00 AM,ATM2,57
11/1/2009 12:00:00 AM,ATM1,86
11/1/2009 12:00:00 AM,ATM2,58
11/2/2009 12:00:00 AM,ATM1,79
11/2/2009 12:00:00 AM,ATM2,80
11/3/2009 12:00:00 AM,ATM1,90
11/3/2009 12:00:00 AM,ATM2,82
11/4/2009 12:00:00 AM,ATM1,80
11/4/2009 12:00:00 AM,ATM2,49
11/5/2009 12:00:00 AM,ATM1,21
11/5/2009 12:00:00 AM,ATM2,16
11/6/2009 12:00:00 AM,ATM1,93
11/6/2009 12:00:00 AM,ATM2,116
11/7/2009 12:00:00 AM,ATM1,104
11/7/2009 12:00:00 AM,ATM2,61
11/8/2009 12:00:00 AM,ATM1,109
11/8/2009 12:00:00 AM,ATM2,59
11/9/2009 12:00:00 AM,ATM1,88
11/9/2009 12:00:00 AM,ATM2,80
11/10/2009 12:00:00 AM,ATM1,96
11/10/2009 12:00:00 AM,ATM2,86
11/11/2009 12:00:00 AM,ATM1,70
11/11/2009 12:00:00 AM,ATM2,23
11/12/2009 12:00:00 AM,ATM1,15
11/12/2009 12:00:00 AM,ATM2,7
11/13/2009 12:00:00 AM,ATM1,73
11/13/2009 12:00:00 AM,ATM2,91
11/14/2009 12:00:00 AM,ATM1,94
11/14/2009 12:00:00 AM,ATM2,57
11/15/2009 12:00:00 AM,ATM1,108
11/15/2009 12:00:00 AM,ATM2,58
11/16/2009 12:00:00 AM,ATM1,73
11/16/2009 12:00:00 AM,ATM2,61
11/17/2009 12:00:00 AM,ATM1,87
11/17/2009 12:00:00 AM,ATM2,77
11/18/2009 12:00:00 AM,ATM1,75
11/18/2009 12:00:00 AM,ATM2,20
11/19/2009 12:00:00 AM,ATM1,10
11/19/2009 12:00:00 AM,ATM2,5
11/20/2009 12:00:00 AM,ATM1,92
11/20/2009 12:00:00 AM,ATM2,132
11/21/2009 12:00:00 AM,ATM1,87
11/21/2009 12:00:00 AM,ATM2,49
11/22/2009 12:00:00 AM,ATM1,74
11/22/2009 12:00:00 AM,ATM2,57
11/23/2009 12:00:00 AM,ATM1,73
11/23/2009 12:00:00 AM,ATM2,68
11/24/2009 12:00:00 AM,ATM1,93
11/24/2009 12:00:00 AM,ATM2,80
11/25/2009 12:00:00 AM,ATM1,66
11/25/2009 12:00:00 AM,ATM2,31
11/26/2009 12:00:00 AM,ATM1,18
11/26/2009 12:00:00 AM,ATM2,3
11/27/2009 12:00:00 AM,ATM1,99
11/27/2009 12:00:00 AM,ATM2,85
11/28/2009 12:00:00 AM,ATM1,94
11/28/2009 12:00:00 AM,ATM2,53
11/29/2009 12:00:00 AM,ATM1,136
11/29/2009 12:00:00 AM,ATM2,46
11/30/2009 12:00:00 AM,ATM1,6
11/30/2009 12:00:00 AM,ATM2,2
12/1/2009 12:00:00 AM,ATM1,140
12/1/2009 12:00:00 AM,ATM2,113
12/2/2009 12:00:00 AM,ATM1,73
12/2/2009 12:00:00 AM,ATM2,22
12/3/2009 12:00:00 AM,ATM1,9
12/3/2009 12:00:00 AM,ATM2,5
12/4/2009 12:00:00 AM,ATM1,140
12/4/2009 12:00:00 AM,ATM2,112
12/5/2009 12:00:00 AM,ATM1,103
12/5/2009 12:00:00 AM,ATM2,59
12/6/2009 12:00:00 AM,ATM1,110
12/6/2009 12:00:00 AM,ATM2,72
12/7/2009 12:00:00 AM,ATM1,90
12/7/2009 12:00:00 AM,ATM2,77
12/8/2009 12:00:00 AM,ATM1,135
12/8/2009 12:00:00 AM,ATM2,85
12/9/2009 12:00:00 AM,ATM1,67
12/9/2009 12:00:00 AM,ATM2,27
12/10/2009 12:00:00 AM,ATM1,12
12/10/2009 12:00:00 AM,ATM2,1
12/11/2009 12:00:00 AM,ATM1,109
12/11/2009 12:00:00 AM,ATM2,91
12/12/2009 12:00:00 AM,ATM1,84
12/12/2009 12:00:00 AM,ATM2,36
12/13/2009 12:00:00 AM,ATM1,92
12/13/2009 12:00:00 AM,ATM2,46
12/14/2009 12:00:00 AM,ATM1,84
12/14/2009 12:00:00 AM,ATM2,100
12/15/2009 12:00:00 AM,ATM1,118
12/15/2009 12:00:00 AM,ATM2,73
12/16/2009 12:00:00 AM,ATM1,68
12/16/2009 12:00:00 AM,ATM2,22
12/17/2009 12:00:00 AM,ATM1,14
12/17/2009 12:00:00 AM,ATM2,9
12/18/2009 12:00:00 AM,ATM1,90
12/18/2009 12:00:00 AM,ATM2,117
12/19/2009 12:00:00 AM,ATM1,92
12/19/2009 12:00:00 AM,ATM2,44
12/20/2009 12:00:00 AM,ATM1,93
12/20/2009 12:00:00 AM,ATM2,44
12/21/2009 12:00:00 AM,ATM1,85
12/21/2009 12:00:00 AM,ATM2,78
12/22/2009 12:00:00 AM,ATM1,93
12/22/2009 12:00:00 AM,ATM2,89
12/23/2009 12:00:00 AM,ATM1,70
12/23/2009 12:00:00 AM,ATM2,33
12/24/2009 12:00:00 AM,ATM1,13
12/24/2009 12:00:00 AM,ATM2,5
12/25/2009 12:00:00 AM,ATM1,90
12/25/2009 12:00:00 AM,ATM2,102
12/26/2009 12:00:00 AM,ATM1,91
12/26/2009 12:00:00 AM,ATM2,68
12/27/2009 12:00:00 AM,ATM1,102
12/27/2009 12:00:00 AM,ATM2,64
12/28/2009 12:00:00 AM,ATM1,97
12/28/2009 12:00:00 AM,ATM2,81
12/29/2009 12:00:00 AM,ATM1,42
12/29/2009 12:00:00 AM,ATM2,9
12/30/2009 12:00:00 AM,ATM1,2
12/30/2009 12:00:00 AM,ATM2,2
12/31/2009 12:00:00 AM,ATM1,14
12/31/2009 12:00:00 AM,ATM2,2
1/1/2010 12:00:00 AM,ATM1,132
1/1/2010 12:00:00 AM,ATM2,117
1/2/2010 12:00:00 AM,ATM1,108
1/2/2010 12:00:00 AM,ATM2,56
1/3/2010 12:00:00 AM,ATM1,120
1/3/2010 12:00:00 AM,ATM2,55
1/4/2010 12:00:00 AM,ATM1,120
1/4/2010 12:00:00 AM,ATM2,112
1/5/2010 12:00:00 AM,ATM1,90
1/5/2010 12:00:00 AM,ATM2,100
1/6/2010 12:00:00 AM,ATM1,48
1/6/2010 12:00:00 AM,ATM2,17
1/7/2010 12:00:00 AM,ATM1,15
1/7/2010 12:00:00 AM,ATM2,7
1/8/2010 12:00:00 AM,ATM1,86
1/8/2010 12:00:00 AM,ATM2,49
1/9/2010 12:00:00 AM,ATM1,109
1/9/2010 12:00:00 AM,ATM2,96
1/10/2010 12:00:00 AM,ATM1,115
1/10/2010 12:00:00 AM,ATM2,47
1/11/2010 12:00:00 AM,ATM1,123
1/11/2010 12:00:00 AM,ATM2,107
1/12/2010 12:00:00 AM,ATM1,123
1/12/2010 12:00:00 AM,ATM2,93
1/13/2010 12:00:00 AM,ATM1,60
1/13/2010 12:00:00 AM,ATM2,27
1/14/2010 12:00:00 AM,ATM1,22
1/14/2010 12:00:00 AM,ATM2,9
1/15/2010 12:00:00 AM,ATM1,81
1/15/2010 12:00:00 AM,ATM2,78
1/16/2010 12:00:00 AM,ATM1,98
1/16/2010 12:00:00 AM,ATM2,47
1/17/2010 12:00:00 AM,ATM1,94
1/17/2010 12:00:00 AM,ATM2,31
1/18/2010 12:00:00 AM,ATM1,76
1/18/2010 12:00:00 AM,ATM2,91
1/19/2010 12:00:00 AM,ATM1,96
1/19/2010 12:00:00 AM,ATM2,77
1/20/2010 12:00:00 AM,ATM1,72
1/20/2010 12:00:00 AM,ATM2,22
1/21/2010 12:00:00 AM,ATM1,12
1/21/2010 12:00:00 AM,ATM2,1
1/22/2010 12:00:00 AM,ATM1,91
1/22/2010 12:00:00 AM,ATM2,125
1/23/2010 12:00:00 AM,ATM1,74
1/23/2010 12:00:00 AM,ATM2,53
1/24/2010 12:00:00 AM,ATM1,104
1/24/2010 12:00:00 AM,ATM2,37
1/25/2010 12:00:00 AM,ATM1,74
1/25/2010 12:00:00 AM,ATM2,69
1/26/2010 12:00:00 AM,ATM1,91
1/26/2010 12:00:00 AM,ATM2,69
1/27/2010 12:00:00 AM,ATM1,66
1/27/2010 12:00:00 AM,ATM2,16
1/28/2010 12:00:00 AM,ATM1,28
1/28/2010 12:00:00 AM,ATM2,2
1/29/2010 12:00:00 AM,ATM1,152
1/29/2010 12:00:00 AM,ATM2,95
1/30/2010 12:00:00 AM,ATM1,97
1/30/2010 12:00:00 AM,ATM2,45
1/31/2010 12:00:00 AM,ATM1,100
1/31/2010 12:00:00 AM,ATM2,61
2/1/2010 12:00:00 AM,ATM1,85
2/1/2010 12:00:00 AM,ATM2,71
2/2/2010 12:00:00 AM,ATM1,123
2/2/2010 12:00:00 AM,ATM2,91
2/3/2010 12:00:00 AM,ATM1,46
2/3/2010 12:00:00 AM,ATM2,28
2/4/2010 12:00:00 AM,ATM1,38
2/4/2010 12:00:00 AM,ATM2,9
2/5/2010 12:00:00 AM,ATM1,138
2/5/2010 12:00:00 AM,ATM2,97
2/6/2010 12:00:00 AM,ATM1,74
2/6/2010 12:00:00 AM,ATM2,60
2/7/2010 12:00:00 AM,ATM1,85
2/7/2010 12:00:00 AM,ATM2,27
2/8/2010 12:00:00 AM,ATM1,78
2/8/2010 12:00:00 AM,ATM2,74
2/9/2010 12:00:00 AM,ATM1,123
2/9/2010 12:00:00 AM,ATM2,45
2/10/2010 12:00:00 AM,ATM1,50
2/10/2010 12:00:00 AM,ATM2,26
2/11/2010 12:00:00 AM,ATM1,28
2/11/2010 12:00:00 AM,ATM2,2
2/12/2010 12:00:00 AM,ATM1,105
2/12/2010 12:00:00 AM,ATM2,73
2/13/2010 12:00:00 AM,ATM1,109
2/13/2010 12:00:00 AM,ATM2,48
2/14/2010 12:00:00 AM,ATM1,26
2/14/2010 12:00:00 AM,ATM2,9
2/15/2010 12:00:00 AM,ATM1,54
2/15/2010 12:00:00 AM,ATM2,25
2/16/2010 12:00:00 AM,ATM1,105
2/16/2010 12:00:00 AM,ATM2,58
2/17/2010 12:00:00 AM,ATM1,179
2/17/2010 12:00:00 AM,ATM2,110
2/18/2010 12:00:00 AM,ATM1,125
2/18/2010 12:00:00 AM,ATM2,94
2/19/2010 12:00:00 AM,ATM1,84
2/19/2010 12:00:00 AM,ATM2,25
2/20/2010 12:00:00 AM,ATM1,99
2/20/2010 12:00:00 AM,ATM2,101
2/21/2010 12:00:00 AM,ATM1,110
2/21/2010 12:00:00 AM,ATM2,77
2/22/2010 12:00:00 AM,ATM1,80
2/22/2010 12:00:00 AM,ATM2,6
2/23/2010 12:00:00 AM,ATM1,1
2/23/2010 12:00:00 AM,ATM2,3
2/24/2010 12:00:00 AM,ATM1,111
2/24/2010 12:00:00 AM,ATM2,99
2/25/2010 12:00:00 AM,ATM1,115
2/25/2010 12:00:00 AM,ATM2,86
2/26/2010 12:00:00 AM,ATM1,108
2/26/2010 12:00:00 AM,ATM2,20
2/27/2010 12:00:00 AM,ATM1,100
2/27/2010 12:00:00 AM,ATM2,72
2/28/2010 12:00:00 AM,ATM1,152
2/28/2010 12:00:00 AM,ATM2,81
3/1/2010 12:00:00 AM,ATM1,90
3/1/2010 12:00:00 AM,ATM2,16
3/2/2010 12:00:00 AM,ATM1,4
3/2/2010 12:00:00 AM,ATM2,2
3/3/2010 12:00:00 AM,ATM1,128
3/3/2010 12:00:00 AM,ATM2,110
3/4/2010 12:00:00 AM,ATM1,87
3/4/2010 12:00:00 AM,ATM2,75
3/5/2010 12:00:00 AM,ATM1,84
3/5/2010 12:00:00 AM,ATM2,35
3/6/2010 12:00:00 AM,ATM1,69
3/6/2010 12:00:00 AM,ATM2,102
3/7/2010 12:00:00 AM,ATM1,112
3/7/2010 12:00:00 AM,ATM2,100
3/8/2010 12:00:00 AM,ATM1,62
3/8/2010 12:00:00 AM,ATM2,9
3/9/2010 12:00:00 AM,ATM1,4
3/9/2010 12:00:00 AM,ATM2,2
3/10/2010 12:00:00 AM,ATM1,94
3/10/2010 12:00:00 AM,ATM2,100
3/11/2010 12:00:00 AM,ATM1,102
3/11/2010 12:00:00 AM,ATM2,85
3/12/2010 12:00:00 AM,ATM1,98
3/12/2010 12:00:00 AM,ATM2,33
3/13/2010 12:00:00 AM,ATM1,88
3/13/2010 12:00:00 AM,ATM2,24
3/14/2010 12:00:00 AM,ATM1,123
3/14/2010 12:00:00 AM,ATM2,111
3/15/2010 12:00:00 AM,ATM1,55
3/15/2010 12:00:00 AM,ATM2,5
3/16/2010 12:00:00 AM,ATM1,4
3/16/2010 12:00:00 AM,ATM2,1
3/17/2010 12:00:00 AM,ATM1,92
3/17/2010 12:00:00 AM,ATM2,106
3/18/2010 12:00:00 AM,ATM1,88
3/18/2010 12:00:00 AM,ATM2,102
3/19/2010 12:00:00 AM,ATM1,92
3/19/2010 12:00:00 AM,ATM2,25
3/20/2010 12:00:00 AM,ATM1,92
3/20/2010 12:00:00 AM,ATM2,64
3/21/2010 12:00:00 AM,ATM1,117
3/21/2010 12:00:00 AM,ATM2,78
3/22/2010 12:00:00 AM,ATM1,73
3/22/2010 12:00:00 AM,ATM2,5
3/23/2010 12:00:00 AM,ATM1,3
3/23/2010 12:00:00 AM,ATM2,1
3/24/2010 12:00:00 AM,ATM1,85
3/24/2010 12:00:00 AM,ATM2,83
3/25/2010 12:00:00 AM,ATM1,88
3/25/2010 12:00:00 AM,ATM2,78
3/26/2010 12:00:00 AM,ATM1,76
3/26/2010 12:00:00 AM,ATM2,66
3/27/2010 12:00:00 AM,ATM1,93
3/27/2010 12:00:00 AM,ATM2,15
3/28/2010 12:00:00 AM,ATM1,116
3/28/2010 12:00:00 AM,ATM2,64
3/29/2010 12:00:00 AM,ATM1,68
3/29/2010 12:00:00 AM,ATM2,3
3/30/2010 12:00:00 AM,ATM1,19
3/30/2010 12:00:00 AM,ATM2,0
3/31/2010 12:00:00 AM,ATM1,127
3/31/2010 12:00:00 AM,ATM2,102
4/1/2010 12:00:00 AM,ATM1,93
4/1/2010 12:00:00 AM,ATM2,99
4/2/2010 12:00:00 AM,ATM1,97
4/2/2010 12:00:00 AM,ATM2,41
4/3/2010 12:00:00 AM,ATM1,102
4/3/2010 12:00:00 AM,ATM2,79
4/4/2010 12:00:00 AM,ATM1,109
4/4/2010 12:00:00 AM,ATM2,71
4/5/2010 12:00:00 AM,ATM1,68
4/5/2010 12:00:00 AM,ATM2,9
4/6/2010 12:00:00 AM,ATM1,4
4/6/2010 12:00:00 AM,ATM2,2
4/7/2010 12:00:00 AM,ATM1,105
4/7/2010 12:00:00 AM,ATM2,103
4/8/2010 12:00:00 AM,ATM1,79
4/8/2010 12:00:00 AM,ATM2,67
4/9/2010 12:00:00 AM,ATM1,90
4/9/2010 12:00:00 AM,ATM2,85
4/10/2010 12:00:00 AM,ATM1,87
4/10/2010 12:00:00 AM,ATM2,78
4/11/2010 12:00:00 AM,ATM1,92
4/11/2010 12:00:00 AM,ATM2,67
4/12/2010 12:00:00 AM,ATM1,63
4/12/2010 12:00:00 AM,ATM2,12
4/13/2010 12:00:00 AM,ATM1,3
4/13/2010 12:00:00 AM,ATM2,1
4/14/2010 12:00:00 AM,ATM1,103
4/14/2010 12:00:00 AM,ATM2,97
4/15/2010 12:00:00 AM,ATM1,80
4/15/2010 12:00:00 AM,ATM2,106
4/16/2010 12:00:00 AM,ATM1,80
4/16/2010 12:00:00 AM,ATM2,74
4/17/2010 12:00:00 AM,ATM1,84
4/17/2010 12:00:00 AM,ATM2,86
4/18/2010 12:00:00 AM,ATM1,81
4/18/2010 12:00:00 AM,ATM2,55
4/19/2010 12:00:00 AM,ATM1,88
4/19/2010 12:00:00 AM,ATM2,13
4/20/2010 12:00:00 AM,ATM1,3
4/20/2010 12:00:00 AM,ATM2,1
4/21/2010 12:00:00 AM,ATM1,100
4/21/2010 12:00:00 AM,ATM2,100
4/22/2010 12:00:00 AM,ATM1,69
4/22/2010 12:00:00 AM,ATM2,103
4/23/2010 12:00:00 AM,ATM1,85
4/23/2010 12:00:00 AM,ATM2,44
4/24/2010 12:00:00 AM,ATM1,85
4/24/2010 12:00:00 AM,ATM2,61
4/25/2010 12:00:00 AM,ATM1,109
4/25/2010 12:00:00 AM,ATM2,89
4/26/2010 12:00:00 AM,ATM1,74
4/26/2010 12:00:00 AM,ATM2,11
4/27/2010 12:00:00 AM,ATM1,4
4/27/2010 12:00:00 AM,ATM2,2
4/28/2010 12:00:00 AM,ATM1,96
4/28/2010 12:00:00 AM,ATM2,107
4/29/2010 12:00:00 AM,ATM1,82
4/29/2010 12:00:00 AM,ATM2,89
4/30/2010 12:00:00 AM,ATM1,85
4/30/2010 12:00:00 AM,ATM2,90
5/1/2010 12:00:00 AM,,
5/2/2010 12:00:00 AM,,
5/3/2010 12:00:00 AM,,
5/4/2010 12:00:00 AM,,
5/5/2010 12:00:00 AM,,
5/6/2010 12:00:00 AM,,
5/7/2010 12:00:00 AM,,
5/8/2010 12:00:00 AM,,
5/9/2010 12:00:00 AM,,
5/10/2010 12:00:00 AM,,
5/11/2010 12:00:00 AM,,
5/12/2010 12:00:00 AM,,
5/13/2010 12:00:00 AM,,
5/14/2010 12:00:00 AM,,
5/1/2009 12:00:00 AM,ATM3,0
5/2/2009 12:00:00 AM,ATM3,0
5/3/2009 12:00:00 AM,ATM3,0
5/4/2009 12:00:00 AM,ATM3,0
5/5/2009 12:00:00 AM,ATM3,0
5/6/2009 12:00:00 AM,ATM3,0
5/7/2009 12:00:00 AM,ATM3,0
5/8/2009 12:00:00 AM,ATM3,0
5/9/2009 12:00:00 AM,ATM3,0
5/10/2009 12:00:00 AM,ATM3,0
5/11/2009 12:00:00 AM,ATM3,0
5/12/2009 12:00:00 AM,ATM3,0
5/13/2009 12:00:00 AM,ATM3,0
5/14/2009 12:00:00 AM,ATM3,0
5/15/2009 12:00:00 AM,ATM3,0
5/16/2009 12:00:00 AM,ATM3,0
5/17/2009 12:00:00 AM,ATM3,0
5/18/2009 12:00:00 AM,ATM3,0
5/19/2009 12:00:00 AM,ATM3,0
5/20/2009 12:00:00 AM,ATM3,0
5/21/2009 12:00:00 AM,ATM3,0
5/22/2009 12:00:00 AM,ATM3,0
5/23/2009 12:00:00 AM,ATM3,0
5/24/2009 12:00:00 AM,ATM3,0
5/25/2009 12:00:00 AM,ATM3,0
5/26/2009 12:00:00 AM,ATM3,0
5/27/2009 12:00:00 AM,ATM3,0
5/28/2009 12:00:00 AM,ATM3,0
5/29/2009 12:00:00 AM,ATM3,0
5/30/2009 12:00:00 AM,ATM3,0
5/31/2009 12:00:00 AM,ATM3,0
6/1/2009 12:00:00 AM,ATM3,0
6/2/2009 12:00:00 AM,ATM3,0
6/3/2009 12:00:00 AM,ATM3,0
6/4/2009 12:00:00 AM,ATM3,0
6/5/2009 12:00:00 AM,ATM3,0
6/6/2009 12:00:00 AM,ATM3,0
6/7/2009 12:00:00 AM,ATM3,0
6/8/2009 12:00:00 AM,ATM3,0
6/9/2009 12:00:00 AM,ATM3,0
6/10/2009 12:00:00 AM,ATM3,0
6/11/2009 12:00:00 AM,ATM3,0
6/12/2009 12:00:00 AM,ATM3,0
6/13/2009 12:00:00 AM,ATM3,0
6/14/2009 12:00:00 AM,ATM3,0
6/15/2009 12:00:00 AM,ATM3,0
6/16/2009 12:00:00 AM,ATM3,0
6/17/2009 12:00:00 AM,ATM3,0
6/18/2009 12:00:00 AM,ATM3,0
6/19/2009 12:00:00 AM,ATM3,0
6/20/2009 12:00:00 AM,ATM3,0
6/21/2009 12:00:00 AM,ATM3,0
6/22/2009 12:00:00 AM,ATM3,0
6/23/2009 12:00:00 AM,ATM3,0
6/24/2009 12:00:00 AM,ATM3,0
6/25/2009 12:00:00 AM,ATM3,0
6/26/2009 12:00:00 AM,ATM3,0
6/27/2009 12:00:00 AM,ATM3,0
6/28/2009 12:00:00 AM,ATM3,0
6/29/2009 12:00:00 AM,ATM3,0
6/30/2009 12:00:00 AM,ATM3,0
7/1/2009 12:00:00 AM,ATM3,0
7/2/2009 12:00:00 AM,ATM3,0
7/3/2009 12:00:00 AM,ATM3,0
7/4/2009 12:00:00 AM,ATM3,0
7/5/2009 12:00:00 AM,ATM3,0
7/6/2009 12:00:00 AM,ATM3,0
7/7/2009 12:00:00 AM,ATM3,0
7/8/2009 12:00:00 AM,ATM3,0
7/9/2009 12:00:00 AM,ATM3,0
7/10/2009 12:00:00 AM,ATM3,0
7/11/2009 12:00:00 AM,ATM3,0
7/12/2009 12:00:00 AM,ATM3,0
7/13/2009 12:00:00 AM,ATM3,0
7/14/2009 12:00:00 AM,ATM3,0
7/15/2009 12:00:00 AM,ATM3,0
7/16/2009 12:00:00 AM,ATM3,0
7/17/2009 12:00:00 AM,ATM3,0
7/18/2009 12:00:00 AM,ATM3,0
7/19/2009 12:00:00 AM,ATM3,0
7/20/2009 12:00:00 AM,ATM3,0
7/21/2009 12:00:00 AM,ATM3,0
7/22/2009 12:00:00 AM,ATM3,0
7/23/2009 12:00:00 AM,ATM3,0
7/24/2009 12:00:00 AM,ATM3,0
7/25/2009 12:00:00 AM,ATM3,0
7/26/2009 12:00:00 AM,ATM3,0
7/27/2009 12:00:00 AM,ATM3,0
7/28/2009 12:00:00 AM,ATM3,0
7/29/2009 12:00:00 AM,ATM3,0
7/30/2009 12:00:00 AM,ATM3,0
7/31/2009 12:00:00 AM,ATM3,0
8/1/2009 12:00:00 AM,ATM3,0
8/2/2009 12:00:00 AM,ATM3,0
8/3/2009 12:00:00 AM,ATM3,0
8/4/2009 12:00:00 AM,ATM3,0
8/5/2009 12:00:00 AM,ATM3,0
8/6/2009 12:00:00 AM,ATM3,0
8/7/2009 12:00:00 AM,ATM3,0
8/8/2009 12:00:00 AM,ATM3,0
8/9/2009 12:00:00 AM,ATM3,0
8/10/2009 12:00:00 AM,ATM3,0
8/11/2009 12:00:00 AM,ATM3,0
8/12/2009 12:00:00 AM,ATM3,0
8/13/2009 12:00:00 AM,ATM3,0
8/14/2009 12:00:00 AM,ATM3,0
8/15/2009 12:00:00 AM,ATM3,0
8/16/2009 12:00:00 AM,ATM3,0
8/17/2009 12:00:00 AM,ATM3,0
8/18/2009 12:00:00 AM,ATM3,0
8/19/2009 12:00:00 AM,ATM3,0
8/20/2009 12:00:00 AM,ATM3,0
8/21/2009 12:00:00 AM,ATM3,0
8/22/2009 12:00:00 AM,ATM3,0
8/23/2009 12:00:00 AM,ATM3,0
8/24/2009 12:00:00 AM,ATM3,0
8/25/2009 12:00:00 AM,ATM3,0
8/26/2009 12:00:00 AM,ATM3,0
8/27/2009 12:00:00 AM,ATM3,0
8/28/2009 12:00:00 AM,ATM3,0
8/29/2009 12:00:00 AM,ATM3,0
8/30/2009 12:00:00 AM,ATM3,0
8/31/2009 12:00:00 AM,ATM3,0
9/1/2009 12:00:00 AM,ATM3,0
9/2/2009 12:00:00 AM,ATM3,0
9/3/2009 12:00:00 AM,ATM3,0
9/4/2009 12:00:00 AM,ATM3,0
9/5/2009 12:00:00 AM,ATM3,0
9/6/2009 12:00:00 AM,ATM3,0
9/7/2009 12:00:00 AM,ATM3,0
9/8/2009 12:00:00 AM,ATM3,0
9/9/2009 12:00:00 AM,ATM3,0
9/10/2009 12:00:00 AM,ATM3,0
9/11/2009 12:00:00 AM,ATM3,0
9/12/2009 12:00:00 AM,ATM3,0
9/13/2009 12:00:00 AM,ATM3,0
9/14/2009 12:00:00 AM,ATM3,0
9/15/2009 12:00:00 AM,ATM3,0
9/16/2009 12:00:00 AM,ATM3,0
9/17/2009 12:00:00 AM,ATM3,0
9/18/2009 12:00:00 AM,ATM3,0
9/19/2009 12:00:00 AM,ATM3,0
9/20/2009 12:00:00 AM,ATM3,0
9/21/2009 12:00:00 AM,ATM3,0
9/22/2009 12:00:00 AM,ATM3,0
9/23/2009 12:00:00 AM,ATM3,0
9/24/2009 12:00:00 AM,ATM3,0
9/25/2009 12:00:00 AM,ATM3,0
9/26/2009 12:00:00 AM,ATM3,0
9/27/2009 12:00:00 AM,ATM3,0
9/28/2009 12:00:00 AM,ATM3,0
9/29/2009 12:00:00 AM,ATM3,0
9/30/2009 12:00:00 AM,ATM3,0
10/1/2009 12:00:00 AM,ATM3,0
10/2/2009 12:00:00 AM,ATM3,0
10/3/2009 12:00:00 AM,ATM3,0
10/4/2009 12:00:00 AM,ATM3,0
10/5/2009 12:00:00 AM,ATM3,0
10/6/2009 12:00:00 AM,ATM3,0
10/7/2009 12:00:00 AM,ATM3,0
10/8/2009 12:00:00 AM,ATM3,0
10/9/2009 12:00:00 AM,ATM3,0
10/10/2009 12:00:00 AM,ATM3,0
10/11/2009 12:00:00 AM,ATM3,0
10/12/2009 12:00:00 AM,ATM3,0
10/13/2009 12:00:00 AM,ATM3,0
10/14/2009 12:00:00 AM,ATM3,0
10/15/2009 12:00:00 AM,ATM3,0
10/16/2009 12:00:00 AM,ATM3,0
10/17/2009 12:00:00 AM,ATM3,0
10/18/2009 12:00:00 AM,ATM3,0
10/19/2009 12:00:00 AM,ATM3,0
10/20/2009 12:00:00 AM,ATM3,0
10/21/2009 12:00:00 AM,ATM3,0
10/22/2009 12:00:00 AM,ATM3,0
10/23/2009 12:00:00 AM,ATM3,0
10/24/2009 12:00:00 AM,ATM3,0
10/25/2009 12:00:00 AM,ATM3,0
10/26/2009 12:00:00 AM,ATM3,0
10/27/2009 12:00:00 AM,ATM3,0
10/28/2009 12:00:00 AM,ATM3,0
10/29/2009 12:00:00 AM,ATM3,0
10/30/2009 12:00:00 AM,ATM3,0
10/31/2009 12:00:00 AM,ATM3,0
11/1/2009 12:00:00 AM,ATM3,0
11/2/2009 12:00:00 AM,ATM3,0
11/3/2009 12:00:00 AM,ATM3,0
11/4/2009 12:00:00 AM,ATM3,0
11/5/2009 12:00:00 AM,ATM3,0
11/6/2009 12:00:00 AM,ATM3,0
11/7/2009 12:00:00 AM,ATM3,0
11/8/2009 12:00:00 AM,ATM3,0
11/9/2009 12:00:00 AM,ATM3,0
11/10/2009 12:00:00 AM,ATM3,0
11/11/2009 12:00:00 AM,ATM3,0
11/12/2009 12:00:00 AM,ATM3,0
11/13/2009 12:00:00 AM,ATM3,0
11/14/2009 12:00:00 AM,ATM3,0
11/15/2009 12:00:00 AM,ATM3,0
11/16/2009 12:00:00 AM,ATM3,0
11/17/2009 12:00:00 AM,ATM3,0
11/18/2009 12:00:00 AM,ATM3,0
11/19/2009 12:00:00 AM,ATM3,0
11/20/2009 12:00:00 AM,ATM3,0
11/21/2009 12:00:00 AM,ATM3,0
11/22/2009 12:00:00 AM,ATM3,0
11/23/2009 12:00:00 AM,ATM3,0
11/24/2009 12:00:00 AM,ATM3,0
11/25/2009 12:00:00 AM,ATM3,0
11/26/2009 12:00:00 AM,ATM3,0
11/27/2009 12:00:00 AM,ATM3,0
11/28/2009 12:00:00 AM,ATM3,0
11/29/2009 12:00:00 AM,ATM3,0
11/30/2009 12:00:00 AM,ATM3,0
12/1/2009 12:00:00 AM,ATM3,0
12/2/2009 12:00:00 AM,ATM3,0
12/3/2009 12:00:00 AM,ATM3,0
12/4/2009 12:00:00 AM,ATM3,0
12/5/2009 12:00:00 AM,ATM3,0
12/6/2009 12:00:00 AM,ATM3,0
12/7/2009 12:00:00 AM,ATM3,0
12/8/2009 12:00:00 AM,ATM3,0
12/9/2009 12:00:00 AM,ATM3,0
12/10/2009 12:00:00 AM,ATM3,0
12/11/2009 12:00:00 AM,ATM3,0
12/12/2009 12:00:00 AM,ATM3,0
12/13/2009 12:00:00 AM,ATM3,0
12/14/2009 12:00:00 AM,ATM3,0
12/15/2009 12:00:00 AM,ATM3,0
12/16/2009 12:00:00 AM,ATM3,0
12/17/2009 12:00:00 AM,ATM3,0
12/18/2009 12:00:00 AM,ATM3,0
12/19/2009 12:00:00 AM,ATM3,0
12/20/2009 12:00:00 AM,ATM3,0
12/21/2009 12:00:00 AM,ATM3,0
12/22/2009 12:00:00 AM,ATM3,0
12/23/2009 12:00:00 AM,ATM3,0
12/24/2009 12:00:00 AM,ATM3,0
12/25/2009 12:00:00 AM,ATM3,0
12/26/2009 12:00:00 AM,ATM3,0
12/27/2009 12:00:00 AM,ATM3,0
12/28/2009 12:00:00 AM,ATM3,0
12/29/2009 12:00:00 AM,ATM3,0
12/30/2009 12:00:00 AM,ATM3,0
12/31/2009 12:00:00 AM,ATM3,0
1/1/2010 12:00:00 AM,ATM3,0
1/2/2010 12:00:00 AM,ATM3,0
1/3/2010 12:00:00 AM,ATM3,0
1/4/2010 12:00:00 AM,ATM3,0
1/5/2010 12:00:00 AM,ATM3,0
1/6/2010 12:00:00 AM,ATM3,0
1/7/2010 12:00:00 AM,ATM3,0
1/8/2010 12:00:00 AM,ATM3,0
1/9/2010 12:00:00 AM,ATM3,0
1/10/2010 12:00:00 AM,ATM3,0
1/11/2010 12:00:00 AM,ATM3,0
1/12/2010 12:00:00 AM,ATM3,0
1/13/2010 12:00:00 AM,ATM3,0
1/14/2010 12:00:00 AM,ATM3,0
1/15/2010 12:00:00 AM,ATM3,0
1/16/2010 12:00:00 AM,ATM3,0
1/17/2010 12:00:00 AM,ATM3,0
1/18/2010 12:00:00 AM,ATM3,0
1/19/2010 12:00:00 AM,ATM3,0
1/20/2010 12:00:00 AM,ATM3,0
1/21/2010 12:00:00 AM,ATM3,0
1/22/2010 12:00:00 AM,ATM3,0
1/23/2010 12:00:00 AM,ATM3,0
1/24/2010 12:00:00 AM,ATM3,0
1/25/2010 12:00:00 AM,ATM3,0
1/26/2010 12:00:00 AM,ATM3,0
1/27/2010 12:00:00 AM,ATM3,0
1/28/2010 12:00:00 AM,ATM3,0
1/29/2010 12:00:00 AM,ATM3,0
1/30/2010 12:00:00 AM,ATM3,0
1/31/2010 12:00:00 AM,ATM3,0
2/1/2010 12:00:00 AM,ATM3,0
2/2/2010 12:00:00 AM,ATM3,0
2/3/2010 12:00:00 AM,ATM3,0
2/4/2010 12:00:00 AM,ATM3,0
2/5/2010 12:00:00 AM,ATM3,0
2/6/2010 12:00:00 AM,ATM3,0
2/7/2010 12:00:00 AM,ATM3,0
2/8/2010 12:00:00 AM,ATM3,0
2/9/2010 12:00:00 AM,ATM3,0
2/10/2010 12:00:00 AM,ATM3,0
2/11/2010 12:00:00 AM,ATM3,0
2/12/2010 12:00:00 AM,ATM3,0
2/13/2010 12:00:00 AM,ATM3,0
2/14/2010 12:00:00 AM,ATM3,0
2/15/2010 12:00:00 AM,ATM3,0
2/16/2010 12:00:00 AM,ATM3,0
2/17/2010 12:00:00 AM,ATM3,0
2/18/2010 12:00:00 AM,ATM3,0
2/19/2010 12:00:00 AM,ATM3,0
2/20/2010 12:00:00 AM,ATM3,0
2/21/2010 12:00:00 AM,ATM3,0
2/22/2010 12:00:00 AM,ATM3,0
2/23/2010 12:00:00 AM,ATM3,0
2/24/2010 12:00:00 AM,ATM3,0
2/25/2010 12:00:00 AM,ATM3,0
2/26/2010 12:00:00 AM,ATM3,0
2/27/2010 12:00:00 AM,ATM3,0
2/28/2010 12:00:00 AM,ATM3,0
3/1/2010 12:00:00 AM,ATM3,0
3/2/2010 12:00:00 AM,ATM3,0
3/3/2010 12:00:00 AM,ATM3,0
3/4/2010 12:00:00 AM,ATM3,0
3/5/2010 12:00:00 AM,ATM3,0
3/6/2010 12:00:00 AM,ATM3,0
3/7/2010 12:00:00 AM,ATM3,0
3/8/2010 12:00:00 AM,ATM3,0
3/9/2010 12:00:00 AM,ATM3,0
3/10/2010 12:00:00 AM,ATM3,0
3/11/2010 12:00:00 AM,ATM3,0
3/12/2010 12:00:00 AM,ATM3,0
3/13/2010 12:00:00 AM,ATM3,0
3/14/2010 12:00:00 AM,ATM3,0
3/15/2010 12:00:00 AM,ATM3,0
3/16/2010 12:00:00 AM,ATM3,0
3/17/2010 12:00:00 AM,ATM3,0
3/18/2010 12:00:00 AM,ATM3,0
3/19/2010 12:00:00 AM,ATM3,0
3/20/2010 12:00:00 AM,ATM3,0
3/21/2010 12:00:00 AM,ATM3,0
3/22/2010 12:00:00 AM,ATM3,0
3/23/2010 12:00:00 AM,ATM3,0
3/24/2010 12:00:00 AM,ATM3,0
3/25/2010 12:00:00 AM,ATM3,0
3/26/2010 12:00:00 AM,ATM3,0
3/27/2010 12:00:00 AM,ATM3,0
3/28/2010 12:00:00 AM,ATM3,0
3/29/2010 12:00:00 AM,ATM3,0
3/30/2010 12:00:00 AM,ATM3,0
3/31/2010 12:00:00 AM,ATM3,0
4/1/2010 12:00:00 AM,ATM3,0
4/2/2010 12:00:00 AM,ATM3,0
4/3/2010 12:00:00 AM,ATM3,0
4/4/2010 12:00:00 AM,ATM3,0
4/5/2010 12:00:00 AM,ATM3,0
4/6/2010 12:00:00 AM,ATM3,0
4/7/2010 12:00:00 AM,ATM3,0
4/8/2010 12:00:00 AM,ATM3,0
4/9/2010 12:00:00 AM,ATM3,0
4/10/2010 12:00:00 AM,ATM3,0
4/11/2010 12:00:00 AM,ATM3,0
4/12/2010 12:00:00 AM,ATM3,0
4/13/2010 12:00:00 AM,ATM3,0
4/14/2010 12:00:00 AM,ATM3,0
4/15/2010 12:00:00 AM,ATM3,0
4/16/2010 12:00:00 AM,ATM3,0
4/17/2010 12:00:00 AM,ATM3,0
4/18/2010 12:00:00 AM,ATM3,0
4/19/2010 12:00:00 AM,ATM3,0
4/20/2010 12:00:00 AM,ATM3,0
4/21/2010 12:00:00 AM,ATM3,0
4/22/2010 12:00:00 AM,ATM3,0
4/23/2010 12:00:00 AM,ATM3,0
4/24/2010 12:00:00 AM,ATM3,0
4/25/2010 12:00:00 AM,ATM3,0
4/26/2010 12:00:00 AM,ATM3,0
4/27/2010 12:00:00 AM,ATM3,0
4/28/2010 12:00:00 AM,ATM3,96
4/29/2010 12:00:00 AM,ATM3,82
4/30/2010 12:00:00 AM,ATM3,85
5/1/2009 12:00:00 AM,ATM4,96
5/2/2009 12:00:00 AM,ATM4,82
5/3/2009 12:00:00 AM,ATM4,85
5/4/2009 12:00:00 AM,ATM4,90
5/5/2009 12:00:00 AM,ATM4,99
5/6/2009 12:00:00 AM,ATM4,88
5/7/2009 12:00:00 AM,ATM4,8
5/8/2009 12:00:00 AM,ATM4,104
5/9/2009 12:00:00 AM,ATM4,87
5/10/2009 12:00:00 AM,ATM4,93
5/11/2009 12:00:00 AM,ATM4,86
5/12/2009 12:00:00 AM,ATM4,111
5/13/2009 12:00:00 AM,ATM4,75
5/14/2009 12:00:00 AM,ATM4,6
5/15/2009 12:00:00 AM,ATM4,102
5/16/2009 12:00:00 AM,ATM4,73
5/17/2009 12:00:00 AM,ATM4,92
5/18/2009 12:00:00 AM,ATM4,82
5/19/2009 12:00:00 AM,ATM4,86
5/20/2009 12:00:00 AM,ATM4,73
5/21/2009 12:00:00 AM,ATM4,20
5/22/2009 12:00:00 AM,ATM4,100
5/23/2009 12:00:00 AM,ATM4,93
5/24/2009 12:00:00 AM,ATM4,90
5/25/2009 12:00:00 AM,ATM4,94
5/26/2009 12:00:00 AM,ATM4,98
5/27/2009 12:00:00 AM,ATM4,73
5/28/2009 12:00:00 AM,ATM4,10
5/29/2009 12:00:00 AM,ATM4,97
5/30/2009 12:00:00 AM,ATM4,102
5/31/2009 12:00:00 AM,ATM4,85
6/1/2009 12:00:00 AM,ATM4,85
6/2/2009 12:00:00 AM,ATM4,108
6/3/2009 12:00:00 AM,ATM4,94
6/4/2009 12:00:00 AM,ATM4,14
6/5/2009 12:00:00 AM,ATM4,3
6/6/2009 12:00:00 AM,ATM4,96
6/7/2009 12:00:00 AM,ATM4,109
6/8/2009 12:00:00 AM,ATM4,96
6/9/2009 12:00:00 AM,ATM4,145
6/10/2009 12:00:00 AM,ATM4,81
6/11/2009 12:00:00 AM,ATM4,16
6/12/2009 12:00:00 AM,ATM4,142
6/13/2009 12:00:00 AM,ATM4,102
6/14/2009 12:00:00 AM,ATM4,120
6/15/2009 12:00:00 AM,ATM4,106
6/16/2009 12:00:00 AM,ATM4,130
6/17/2009 12:00:00 AM,ATM4,108
6/18/2009 12:00:00 AM,ATM4,21
6/19/2009 12:00:00 AM,ATM4,140
6/20/2009 12:00:00 AM,ATM4,110
6/21/2009 12:00:00 AM,ATM4,115
6/22/2009 12:00:00 AM,ATM4,98
6/23/2009 12:00:00 AM,ATM4,108
6/24/2009 12:00:00 AM,ATM4,66
6/25/2009 12:00:00 AM,ATM4,13
6/26/2009 12:00:00 AM,ATM4,99
6/27/2009 12:00:00 AM,ATM4,105
6/28/2009 12:00:00 AM,ATM4,104
6/29/2009 12:00:00 AM,ATM4,98
6/30/2009 12:00:00 AM,ATM4,110
7/1/2009 12:00:00 AM,ATM4,79
7/2/2009 12:00:00 AM,ATM4,16
7/3/2009 12:00:00 AM,ATM4,110
7/4/2009 12:00:00 AM,ATM4,96
7/5/2009 12:00:00 AM,ATM4,114
7/6/2009 12:00:00 AM,ATM4,126
7/7/2009 12:00:00 AM,ATM4,126
7/8/2009 12:00:00 AM,ATM4,73
7/9/2009 12:00:00 AM,ATM4,4
7/10/2009 12:00:00 AM,ATM4,19
7/11/2009 12:00:00 AM,ATM4,114
7/12/2009 12:00:00 AM,ATM4,98
7/13/2009 12:00:00 AM,ATM4,97
7/14/2009 12:00:00 AM,ATM4,114
7/15/2009 12:00:00 AM,ATM4,78
7/16/2009 12:00:00 AM,ATM4,19
7/17/2009 12:00:00 AM,ATM4,102
7/18/2009 12:00:00 AM,ATM4,94
7/19/2009 12:00:00 AM,ATM4,108
7/20/2009 12:00:00 AM,ATM4,91
7/21/2009 12:00:00 AM,ATM4,86
7/22/2009 12:00:00 AM,ATM4,78
7/23/2009 12:00:00 AM,ATM4,16
7/24/2009 12:00:00 AM,ATM4,114
7/25/2009 12:00:00 AM,ATM4,115
7/26/2009 12:00:00 AM,ATM4,108
7/27/2009 12:00:00 AM,ATM4,102
7/28/2009 12:00:00 AM,ATM4,129
7/29/2009 12:00:00 AM,ATM4,79
7/30/2009 12:00:00 AM,ATM4,13
7/31/2009 12:00:00 AM,ATM4,103
8/1/2009 12:00:00 AM,ATM4,90
8/2/2009 12:00:00 AM,ATM4,68
8/3/2009 12:00:00 AM,ATM4,85
8/4/2009 12:00:00 AM,ATM4,99
8/5/2009 12:00:00 AM,ATM4,86
8/6/2009 12:00:00 AM,ATM4,13
8/7/2009 12:00:00 AM,ATM4,116
8/8/2009 12:00:00 AM,ATM4,105
8/9/2009 12:00:00 AM,ATM4,123
8/10/2009 12:00:00 AM,ATM4,114
8/11/2009 12:00:00 AM,ATM4,127
8/12/2009 12:00:00 AM,ATM4,111
8/13/2009 12:00:00 AM,ATM4,34
8/14/2009 12:00:00 AM,ATM4,151
8/15/2009 12:00:00 AM,ATM4,110
8/16/2009 12:00:00 AM,ATM4,115
8/17/2009 12:00:00 AM,ATM4,112
8/18/2009 12:00:00 AM,ATM4,132
8/19/2009 12:00:00 AM,ATM4,94
8/20/2009 12:00:00 AM,ATM4,24
8/21/2009 12:00:00 AM,ATM4,122
8/22/2009 12:00:00 AM,ATM4,104
8/23/2009 12:00:00 AM,ATM4,128
8/24/2009 12:00:00 AM,ATM4,120
8/25/2009 12:00:00 AM,ATM4,174
8/26/2009 12:00:00 AM,ATM4,96
8/27/2009 12:00:00 AM,ATM4,13
8/28/2009 12:00:00 AM,ATM4,121
8/29/2009 12:00:00 AM,ATM4,133
8/30/2009 12:00:00 AM,ATM4,118
8/31/2009 12:00:00 AM,ATM4,91
9/1/2009 12:00:00 AM,ATM4,120
9/2/2009 12:00:00 AM,ATM4,88
9/3/2009 12:00:00 AM,ATM4,19
9/4/2009 12:00:00 AM,ATM4,150
9/5/2009 12:00:00 AM,ATM4,144
9/6/2009 12:00:00 AM,ATM4,121
9/7/2009 12:00:00 AM,ATM4,105
9/8/2009 12:00:00 AM,ATM4,133
9/9/2009 12:00:00 AM,ATM4,109
9/10/2009 12:00:00 AM,ATM4,18
9/11/2009 12:00:00 AM,ATM4,1
9/12/2009 12:00:00 AM,ATM4,105
9/13/2009 12:00:00 AM,ATM4,112
9/14/2009 12:00:00 AM,ATM4,82
9/15/2009 12:00:00 AM,ATM4,111
9/16/2009 12:00:00 AM,ATM4,79
9/17/2009 12:00:00 AM,ATM4,13
9/18/2009 12:00:00 AM,ATM4,112
9/19/2009 12:00:00 AM,ATM4,99
9/20/2009 12:00:00 AM,ATM4,140
9/21/2009 12:00:00 AM,ATM4,110
9/22/2009 12:00:00 AM,ATM4,180
9/23/2009 12:00:00 AM,ATM4,73
9/24/2009 12:00:00 AM,ATM4,7
9/25/2009 12:00:00 AM,ATM4,106
9/26/2009 12:00:00 AM,ATM4,103
9/27/2009 12:00:00 AM,ATM4,93
9/28/2009 12:00:00 AM,ATM4,96
9/29/2009 12:00:00 AM,ATM4,117
9/30/2009 12:00:00 AM,ATM4,80
10/1/2009 12:00:00 AM,ATM4,14
10/2/2009 12:00:00 AM,ATM4,120
10/3/2009 12:00:00 AM,ATM4,91
10/4/2009 12:00:00 AM,ATM4,96
10/5/2009 12:00:00 AM,ATM4,74
10/6/2009 12:00:00 AM,ATM4,108
10/7/2009 12:00:00 AM,ATM4,73
10/8/2009 12:00:00 AM,ATM4,13
10/9/2009 12:00:00 AM,ATM4,93
10/10/2009 12:00:00 AM,ATM4,94
10/11/2009 12:00:00 AM,ATM4,76
10/12/2009 12:00:00 AM,ATM4,111
10/13/2009 12:00:00 AM,ATM4,88
10/14/2009 12:00:00 AM,ATM4,76
10/15/2009 12:00:00 AM,ATM4,9
10/16/2009 12:00:00 AM,ATM4,87
10/17/2009 12:00:00 AM,ATM4,105
10/18/2009 12:00:00 AM,ATM4,78
10/19/2009 12:00:00 AM,ATM4,67
10/20/2009 12:00:00 AM,ATM4,90
10/21/2009 12:00:00 AM,ATM4,68
10/22/2009 12:00:00 AM,ATM4,9
10/23/2009 12:00:00 AM,ATM4,78
10/24/2009 12:00:00 AM,ATM4,74
10/25/2009 12:00:00 AM,ATM4,74
10/26/2009 12:00:00 AM,ATM4,60
10/27/2009 12:00:00 AM,ATM4,75
10/28/2009 12:00:00 AM,ATM4,61
10/29/2009 12:00:00 AM,ATM4,9
10/30/2009 12:00:00 AM,ATM4,90
10/31/2009 12:00:00 AM,ATM4,86
11/1/2009 12:00:00 AM,ATM4,86
11/2/2009 12:00:00 AM,ATM4,79
11/3/2009 12:00:00 AM,ATM4,90
11/4/2009 12:00:00 AM,ATM4,80
11/5/2009 12:00:00 AM,ATM4,21
11/6/2009 12:00:00 AM,ATM4,93
11/7/2009 12:00:00 AM,ATM4,104
11/8/2009 12:00:00 AM,ATM4,109
11/9/2009 12:00:00 AM,ATM4,88
11/10/2009 12:00:00 AM,ATM4,96
11/11/2009 12:00:00 AM,ATM4,70
11/12/2009 12:00:00 AM,ATM4,15
11/13/2009 12:00:00 AM,ATM4,73
11/14/2009 12:00:00 AM,ATM4,94
11/15/2009 12:00:00 AM,ATM4,108
11/16/2009 12:00:00 AM,ATM4,73
11/17/2009 12:00:00 AM,ATM4,87
11/18/2009 12:00:00 AM,ATM4,75
11/19/2009 12:00:00 AM,ATM4,10
11/20/2009 12:00:00 AM,ATM4,92
11/21/2009 12:00:00 AM,ATM4,87
11/22/2009 12:00:00 AM,ATM4,74
11/23/2009 12:00:00 AM,ATM4,73
11/24/2009 12:00:00 AM,ATM4,93
11/25/2009 12:00:00 AM,ATM4,66
11/26/2009 12:00:00 AM,ATM4,18
11/27/2009 12:00:00 AM,ATM4,99
11/28/2009 12:00:00 AM,ATM4,94
11/29/2009 12:00:00 AM,ATM4,136
11/30/2009 12:00:00 AM,ATM4,6
12/1/2009 12:00:00 AM,ATM4,140
12/2/2009 12:00:00 AM,ATM4,73
12/3/2009 12:00:00 AM,ATM4,9
12/4/2009 12:00:00 AM,ATM4,140
12/5/2009 12:00:00 AM,ATM4,103
12/6/2009 12:00:00 AM,ATM4,110
12/7/2009 12:00:00 AM,ATM4,90
12/8/2009 12:00:00 AM,ATM4,135
12/9/2009 12:00:00 AM,ATM4,67
12/10/2009 12:00:00 AM,ATM4,12
12/11/2009 12:00:00 AM,ATM4,109
12/12/2009 12:00:00 AM,ATM4,84
12/13/2009 12:00:00 AM,ATM4,92
12/14/2009 12:00:00 AM,ATM4,84
12/15/2009 12:00:00 AM,ATM4,118
12/16/2009 12:00:00 AM,ATM4,68
12/17/2009 12:00:00 AM,ATM4,14
12/18/2009 12:00:00 AM,ATM4,90
12/19/2009 12:00:00 AM,ATM4,92
12/20/2009 12:00:00 AM,ATM4,93
12/21/2009 12:00:00 AM,ATM4,85
12/22/2009 12:00:00 AM,ATM4,93
12/23/2009 12:00:00 AM,ATM4,70
12/24/2009 12:00:00 AM,ATM4,13
12/25/2009 12:00:00 AM,ATM4,90
12/26/2009 12:00:00 AM,ATM4,91
12/27/2009 12:00:00 AM,ATM4,102
12/28/2009 12:00:00 AM,ATM4,97
12/29/2009 12:00:00 AM,ATM4,42
12/30/2009 12:00:00 AM,ATM4,2
12/31/2009 12:00:00 AM,ATM4,14
1/1/2010 12:00:00 AM,ATM4,132
1/2/2010 12:00:00 AM,ATM4,108
1/3/2010 12:00:00 AM,ATM4,120
1/4/2010 12:00:00 AM,ATM4,120
1/5/2010 12:00:00 AM,ATM4,90
1/6/2010 12:00:00 AM,ATM4,48
1/7/2010 12:00:00 AM,ATM4,15
1/8/2010 12:00:00 AM,ATM4,86
1/9/2010 12:00:00 AM,ATM4,109
1/10/2010 12:00:00 AM,ATM4,115
1/11/2010 12:00:00 AM,ATM4,123
1/12/2010 12:00:00 AM,ATM4,123
1/13/2010 12:00:00 AM,ATM4,60
1/14/2010 12:00:00 AM,ATM4,22
1/15/2010 12:00:00 AM,ATM4,81
1/16/2010 12:00:00 AM,ATM4,98
1/17/2010 12:00:00 AM,ATM4,94
1/18/2010 12:00:00 AM,ATM4,76
1/19/2010 12:00:00 AM,ATM4,96
1/20/2010 12:00:00 AM,ATM4,72
1/21/2010 12:00:00 AM,ATM4,12
1/22/2010 12:00:00 AM,ATM4,91
1/23/2010 12:00:00 AM,ATM4,74
1/24/2010 12:00:00 AM,ATM4,104
1/25/2010 12:00:00 AM,ATM4,74
1/26/2010 12:00:00 AM,ATM4,91
1/27/2010 12:00:00 AM,ATM4,66
1/28/2010 12:00:00 AM,ATM4,28
1/29/2010 12:00:00 AM,ATM4,152
1/30/2010 12:00:00 AM,ATM4,97
1/31/2010 12:00:00 AM,ATM4,100
2/1/2010 12:00:00 AM,ATM4,85
2/2/2010 12:00:00 AM,ATM4,123
2/3/2010 12:00:00 AM,ATM4,46
2/4/2010 12:00:00 AM,ATM4,38
2/5/2010 12:00:00 AM,ATM4,138
2/6/2010 12:00:00 AM,ATM4,74
2/7/2010 12:00:00 AM,ATM4,85
2/8/2010 12:00:00 AM,ATM4,78
2/9/2010 12:00:00 AM,ATM4,1123
2/10/2010 12:00:00 AM,ATM4,50
2/11/2010 12:00:00 AM,ATM4,28
2/12/2010 12:00:00 AM,ATM4,105
2/13/2010 12:00:00 AM,ATM4,109
2/14/2010 12:00:00 AM,ATM4,26
2/15/2010 12:00:00 AM,ATM4,54
2/16/2010 12:00:00 AM,ATM4,105
2/17/2010 12:00:00 AM,ATM4,179
2/18/2010 12:00:00 AM,ATM4,125
2/19/2010 12:00:00 AM,ATM4,84
2/20/2010 12:00:00 AM,ATM4,99
2/21/2010 12:00:00 AM,ATM4,110
2/22/2010 12:00:00 AM,ATM4,80
2/23/2010 12:00:00 AM,ATM4,1
2/24/2010 12:00:00 AM,ATM4,111
2/25/2010 12:00:00 AM,ATM4,115
2/26/2010 12:00:00 AM,ATM4,108
2/27/2010 12:00:00 AM,ATM4,100
2/28/2010 12:00:00 AM,ATM4,152
3/1/2010 12:00:00 AM,ATM4,90
3/2/2010 12:00:00 AM,ATM4,4
3/3/2010 12:00:00 AM,ATM4,128
3/4/2010 12:00:00 AM,ATM4,87
3/5/2010 12:00:00 AM,ATM4,84
3/6/2010 12:00:00 AM,ATM4,69
3/7/2010 12:00:00 AM,ATM4,112
3/8/2010 12:00:00 AM,ATM4,62
3/9/2010 12:00:00 AM,ATM4,4
3/10/2010 12:00:00 AM,ATM4,94
3/11/2010 12:00:00 AM,ATM4,102
3/12/2010 12:00:00 AM,ATM4,98
3/13/2010 12:00:00 AM,ATM4,88
3/14/2010 12:00:00 AM,ATM4,123
3/15/2010 12:00:00 AM,ATM4,55
3/16/2010 12:00:00 AM,ATM4,4
3/17/2010 12:00:00 AM,ATM4,92
3/18/2010 12:00:00 AM,ATM4,88
3/19/2010 12:00:00 AM,ATM4,92
3/20/2010 12:00:00 AM,ATM4,92
3/21/2010 12:00:00 AM,ATM4,117
3/22/2010 12:00:00 AM,ATM4,73
3/23/2010 12:00:00 AM,ATM4,3
3/24/2010 12:00:00 AM,ATM4,85
3/25/2010 12:00:00 AM,ATM4,88
3/26/2010 12:00:00 AM,ATM4,76
3/27/2010 12:00:00 AM,ATM4,93
3/28/2010 12:00:00 AM,ATM4,116
3/29/2010 12:00:00 AM,ATM4,68
3/30/2010 12:00:00 AM,ATM4,19
3/31/2010 12:00:00 AM,ATM4,127
4/1/2010 12:00:00 AM,ATM4,93
4/2/2010 12:00:00 AM,ATM4,97
4/3/2010 12:00:00 AM,ATM4,102
4/4/2010 12:00:00 AM,ATM4,109
4/5/2010 12:00:00 AM,ATM4,68
4/6/2010 12:00:00 AM,ATM4,4
4/7/2010 12:00:00 AM,ATM4,105
4/8/2010 12:00:00 AM,ATM4,79
4/9/2010 12:00:00 AM,ATM4,90
4/10/2010 12:00:00 AM,ATM4,87
4/11/2010 12:00:00 AM,ATM4,92
4/12/2010 12:00:00 AM,ATM4,63
4/13/2010 12:00:00 AM,ATM4,3
4/14/2010 12:00:00 AM,ATM4,103
4/15/2010 12:00:00 AM,ATM4,80
4/16/2010 12:00:00 AM,ATM4,80
4/17/2010 12:00:00 AM,ATM4,84
4/18/2010 12:00:00 AM,ATM4,81
4/19/2010 12:00:00 AM,ATM4,88
4/20/2010 12:00:00 AM,ATM4,3
4/21/2010 12:00:00 AM,ATM4,100
4/22/2010 12:00:00 AM,ATM4,69
4/23/2010 12:00:00 AM,ATM4,85
4/24/2010 12:00:00 AM,ATM4,85
4/25/2010 12:00:00 AM,ATM4,109
4/26/2010 12:00:00 AM,ATM4,74
4/27/2010 12:00:00 AM,ATM4,4
4/28/2010 12:00:00 AM,ATM4,96
4/29/2010 12:00:00 AM,ATM4,82
4/30/2010 12:00:00 AM,ATM4,85
